,Morgan 1024,Morgan 2048,count morgan 1024,count morgan 2048
"Svm , class_weight=None",0.144372993589264,0.349318582017294,0.160250364989285,0.240473038648989
"Svm , class_weight=balanced",0.165095515102192,0.286675840440344,0.204688529568239,0.271901009780722
"Svm , class_weight=None , with SMOTE",0.259734331078987,0.0578866900924532,0.124587850957539,0
"Svm , class_weight=None , with ADASYN",0.259734331078987,0.0578866900924532,0.124587850957539,0.127369194199676
