,Morgan 1024,Morgan 2048,count morgan 1024,count morgan 2048
"Svm , class_weight=None",0.674081825283266,0.725045015170944,0.766573404396292,0.782229475430094
"Svm , class_weight=balanced",0.699969598492439,0.72621875777993,0.773413879291978,0.785265182862984
"Svm , class_weight=None , with SMOTE",0.695208921336417,0.665840915243523,0.729439205613218,0.581313372700715
"Svm , class_weight=None , with ADASYN",0.695208921336417,0.665840915243523,0.729439205613218,0.748368769512447
